tar,tar_acc,query,hmm_acc,full_e,full_score,full_bias,dom_e,dom_score,dom_bias,acc
QDZ23105.1,-,PH,PF00169.35,3e-17,62,0.1,5.9e-17,61.1,0.1,GCA_007859695.1
UPR02319.1,-,PH,PF00169.35,3e-17,62,0.1,5.9e-17,61.1,0.1,GCA_023205875.1
WZN65873.1,-,PH,PF00169.35,1.2e-17,63.4,0.1,2.4e-17,62.4,0.1,GCA_038396805.1
AAZ11787.1,-,PH,PF00169.35,6.8e-7,28.8,0,2.7e-6,26.8,0,GCA_000002445.1
EFC48465.1,-,PH,PF00169.35,7.2e-18,64.9,0.2,1.3e-17,64,0.2,GCA_000004985.1
EFC48508.1,-,PH,PF00169.35,2.1e-15,56.9,0,4.3e-15,55.9,0,GCA_000004985.1
EKG05995.1,-,PH,PF00169.35,8.6e-11,41.6,0,4.9e-6,26.3,0,GCA_000188675.2
EKG01152.1,-,PH,PF00169.35,8.5e-6,25.5,0,1.6e-5,24.6,0,GCA_000188675.2
EKG01083.1,-,PH,PF00169.35,6.9e-4,19.4,0,0.0014,18.4,0,GCA_000188675.2
EAN95526.1,-,PH,PF00169.35,3.8e-10,40.3,0,1.7e-5,25.4,0,GCA_000209065.1
EAN93289.1,-,PH,PF00169.35,4.1e-10,40.2,0,1.9e-5,25.2,0,GCA_000209065.1
CBH11725.1,-,PH,PF00169.35,6.3e-7,29,0,2.6e-6,27.1,0,GCA_000210295.1
CCD12967.1,-,PH,PF00169.35,1.8e-13,49.4,0.3,4e-13,48.3,0.3,GCA_000227395.2
ESL09287.1,-,PH,PF00169.35,1.9e-13,49.6,0.1,3.9e-13,48.6,0.1,GCA_000492115.1
ESL09328.1,-,PH,PF00169.35,3.3e-8,32.8,0,0.0035,16.6,0,GCA_000492115.1
ESS66503.1,-,PH,PF00169.35,9e-11,41.6,0,5.1e-6,26.3,0,GCA_000496795.1
KEG13031.1,-,PH,PF00169.35,7.9e-11,41.7,0,1.8e-10,40.5,0,GCA_000691245.1
KPI88701.1,-,PH,PF00169.35,5.4e-11,41.9,0.2,1.1e-10,41,0.2,GCA_001299535.1
SCU71901.1,-,PH,PF00169.35,5.9e-7,28.8,0,2.4e-6,26.8,0,GCA_001457755.2
CUG87473.1,-,PH,PF00169.35,1.6e-14,54.3,0,3.1e-14,53.4,0,GCA_001460835.1
ORC90990.1,-,PH,PF00169.35,4e-14,52.3,0.2,9.4e-14,51.2,0.2,GCA_002087225.1
PBJ68363.1,-,PH,PF00169.35,1.6e-10,41,0,7.5e-6,26,0,GCA_002219105.2
PWV03565.1,-,PH,PF00169.35,4.7e-10,40.3,0,2.2e-5,25.3,0,GCA_003177095.1
PWV04907.1,-,PH,PF00169.35,5.1e-10,40.2,0,2.3e-5,25.2,0,GCA_003177095.1
PWU91309.1,-,PH,PF00169.35,1.4e-10,41.4,0,7.3e-6,26.2,0,GCA_003177105.1
KAG2383509.1,-,PH,PF00169.35,1.8e-14,53.8,0.1,3.6e-14,52.9,0.1,GCA_003324165.2
RHW72188.1,-,PH,PF00169.35,4.9e-7,29,0,2e-6,27.1,0,GCA_003543875.1
RNC33287.1,-,PH,PF00169.35,5.7e-10,40.5,0,2.9e-5,25.4,0,GCA_003719155.1
RNC58122.1,-,PH,PF00169.35,6.3e-10,40.3,0,2.9e-5,25.3,0,GCA_003719155.1
RNC45389.1,-,PH,PF00169.35,8.1e-10,40,0,3.7e-5,25,0,GCA_003719155.1
RNF23461.1,-,PH,PF00169.35,1.5e-10,41,0,7e-6,26,0,GCA_003719455.1
RNF10748.1,-,PH,PF00169.35,1.6e-9,37.4,0,0.001,18.8,0,GCA_003719475.1
RNF26246.1,-,PH,PF00169.35,4.4e-10,39.2,0,6.6e-5,22.6,0,GCA_003719485.1
KAF0971992.1,-,PH,PF00169.35,6.9e-20,71.2,2,4.7e-19,68.5,0.2,GCA_008403515.1
KAF0972041.1,-,PH,PF00169.35,4.3e-15,55.8,0,8.9e-15,54.7,0,GCA_008403515.1
KAF8285262.1,-,PH,PF00169.35,1.7e-10,41,0,7.8e-6,26,0,GCA_015033625.1
KAF8293881.1,-,PH,PF00169.35,2.8e-10,40.3,0,1.3e-5,25.3,0,GCA_015033655.1
KAK7200002.1,-,PH,PF00169.35,4.6e-10,38.9,0.5,9.9e-10,37.8,0.1,GCA_019188245.1
KAH8613647.1,-,PH,PF00169.35,7.5e-13,48.9,0.9,1.6e-12,47.8,0.8,GCA_021307395.1
KAL0480874.1,-,PH,PF00169.35,1.2e-17,64.1,0,2.3e-17,63.3,0,GCA_026419775.2
KAL0489363.1,-,PH,PF00169.35,2.6e-16,59.9,0.1,5.3e-16,58.9,0.1,GCA_026419775.2
KAL0483437.1,-,PH,PF00169.35,8.4e-13,48.6,1.9,1.3e-12,48,0.3,GCA_026419775.2
KAL0476374.1,-,PH,PF00169.35,8.4e-13,48.6,1.9,1.3e-12,48,0.3,GCA_026419775.2
KAJ9458537.1,-,PH,PF00169.35,2.7e-9,38.5,0.1,5.6e-9,37.5,0.1,GCA_030068145.1
KAJ9457942.1,-,PH,PF00169.35,0.0016,20,0.1,0.15,13.7,0.1,GCA_030068145.1
EAY18750.1,-,PH,PF00169.35,1.7e-20,75.2,0.4,4.1e-20,73.9,0.1,GCA_000002825.3
EAY00283.1,-,PH,PF00169.35,1.5e-17,65.7,0.5,4.3e-17,64.2,0.2,GCA_000002825.3
EAY12892.1,-,PH,PF00169.35,1.8e-17,65.4,0.1,2.8e-17,64.8,0.1,GCA_000002825.3
EAX95627.1,-,PH,PF00169.35,6.4e-17,63.7,0,1.1e-16,62.9,0,GCA_000002825.3
EAX94066.1,-,PH,PF00169.35,9.6e-17,63.1,0,1.9e-16,62.1,0,GCA_000002825.3
EAX97940.1,-,PH,PF00169.35,1.2e-15,59.6,0.2,2.9e-15,58.3,0.2,GCA_000002825.3
EAY16833.1,-,PH,PF00169.35,1.9e-15,58.9,0,4e-15,57.9,0,GCA_000002825.3
EAY08793.1,-,PH,PF00169.35,2e-10,42.8,0,4.8e-10,41.6,0,GCA_000002825.3
EAY04110.1,-,PH,PF00169.35,2.8e-10,42.3,0.1,6.6e-10,41.1,0.1,GCA_000002825.3
EAY15483.1,-,PH,PF00169.35,3.4e-9,38.8,0.1,7.5e-9,37.7,0.1,GCA_000002825.3
EAX88199.1,-,PH,PF00169.35,1.6e-8,36.6,0.1,3e-8,35.8,0.1,GCA_000002825.3
EAY08937.1,-,PH,PF00169.35,1.8e-8,36.5,0,5.3e-8,35,0,GCA_000002825.3
EAY15387.1,-,PH,PF00169.35,2.8e-8,35.9,0,2.3e-7,33,0,GCA_000002825.3
EAY12520.1,-,PH,PF00169.35,1.3e-7,33.7,0,3.5e-7,32.3,0,GCA_000002825.3
EAY22668.1,-,PH,PF00169.35,3.4e-7,32.4,0.1,8e-7,31.2,0.1,GCA_000002825.3
EAY09578.1,-,PH,PF00169.35,5.7e-7,31.7,0.9,1.7e-6,30.2,0.9,GCA_000002825.3
EAX89765.1,-,PH,PF00169.35,1.5e-6,30.3,0,3.2e-6,29.3,0,GCA_000002825.3
EAX88736.1,-,PH,PF00169.35,4.6e-6,28.8,0.3,3.9e-5,25.8,0.3,GCA_000002825.3
EAY04127.1,-,PH,PF00169.35,6.8e-6,28.2,0,1.6e-5,27,0,GCA_000002825.3
EAY02760.1,-,PH,PF00169.35,1.6e-5,27,0.2,3.8e-5,25.8,0.2,GCA_000002825.3
EAY03007.1,-,PH,PF00169.35,7.5e-5,24.9,0.1,1.7e-4,23.7,0.1,GCA_000002825.3
EAY07638.1,-,PH,PF00169.35,8.1e-5,24.8,0.2,3.1e-4,22.9,0,GCA_000002825.3
EAY23147.1,-,PH,PF00169.35,2.7e-4,23.1,0,6.3e-4,21.9,0,GCA_000002825.3
EAX95276.1,-,PH,PF00169.35,4.7e-4,22.3,0,9.9e-4,21.3,0,GCA_000002825.3
EAY10772.1,-,PH,PF00169.35,0.0052,19,0.2,0.013,17.7,0.2,GCA_000002825.3
EAY01569.1,-,PH,PF00169.35,0.012,17.8,0.1,0.024,16.8,0.1,GCA_000002825.3
EAX88277.1,-,PH,PF00169.35,0.15,14.3,0.1,0.31,13.2,0.1,GCA_000002825.3
OHT01178.1,-,PH,PF00169.35,9.3e-22,78,0.5,1.7e-21,77.2,0.5,GCA_001839685.2
OHS98046.1,-,PH,PF00169.35,2.1e-21,76.9,0.1,3.6e-21,76.1,0.1,GCA_001839685.2
OHT14359.1,-,PH,PF00169.35,4.4e-20,72.6,0.5,9e-20,71.6,0.5,GCA_001839685.2
OHT00169.1,-,PH,PF00169.35,7.2e-20,71.9,0.1,1.6e-19,70.8,0.1,GCA_001839685.2
OHT11416.1,-,PH,PF00169.35,8e-17,62.1,0,1.5e-16,61.3,0,GCA_001839685.2
OHS95205.1,-,PH,PF00169.35,1.5e-16,61.2,0.2,4.8e-16,59.6,0,GCA_001839685.2
OHS99266.1,-,PH,PF00169.35,6.3e-15,56,0.1,1.7e-14,54.7,0.1,GCA_001839685.2
OHS97803.1,-,PH,PF00169.35,2.6e-14,54,0.3,7e-14,52.7,0.3,GCA_001839685.2
OHT10224.1,-,PH,PF00169.35,4.6e-13,50.1,1.2,1.5e-12,48.4,1.2,GCA_001839685.2
OHT11067.1,-,PH,PF00169.35,5.2e-11,43.4,0,1.3e-10,42.2,0,GCA_001839685.2
OHT01273.1,-,PH,PF00169.35,6.3e-11,43.2,0.5,1.2e-10,42.3,0.5,GCA_001839685.2
OHT10081.1,-,PH,PF00169.35,1.6e-10,41.9,1,4.1e-10,40.6,0.1,GCA_001839685.2
OHS92848.1,-,PH,PF00169.35,3e-10,41,0,6.6e-10,39.9,0,GCA_001839685.2
OHT05101.1,-,PH,PF00169.35,3.7e-10,40.7,4.2,3.7e-10,40.7,4.2,GCA_001839685.2
OHT11482.1,-,PH,PF00169.35,5.5e-10,40.2,0.1,1.3e-9,39,0.1,GCA_001839685.2
OHS99021.1,-,PH,PF00169.35,6.9e-10,39.8,0.3,1.7e-9,38.6,0.3,GCA_001839685.2
OHS96565.1,-,PH,PF00169.35,2.7e-9,37.9,0.4,5.8e-9,36.9,0.1,GCA_001839685.2
OHS99881.1,-,PH,PF00169.35,4.6e-8,34,0.1,8.6e-8,33.1,0.1,GCA_001839685.2
OHS99697.1,-,PH,PF00169.35,5.9e-8,33.6,0.4,2.1e-7,31.9,0.3,GCA_001839685.2
OHT01303.1,-,PH,PF00169.35,6.1e-8,33.6,0,1.3e-7,32.6,0,GCA_001839685.2
OHT01574.1,-,PH,PF00169.35,1.1e-7,32.8,0.6,3e-7,31.3,0.1,GCA_001839685.2
OHT06835.1,-,PH,PF00169.35,2.1e-7,31.9,0.5,2.1e-7,31.9,0.5,GCA_001839685.2
OHS94999.1,-,PH,PF00169.35,2.7e-7,31.5,0.1,6.6e-7,30.3,0.1,GCA_001839685.2
OHS96005.1,-,PH,PF00169.35,3.1e-7,31.3,0,7.8e-6,26.8,0,GCA_001839685.2
OHT07256.1,-,PH,PF00169.35,6.5e-7,30.3,1.1,2.5e-6,28.4,0.9,GCA_001839685.2
OHS95069.1,-,PH,PF00169.35,1.6e-6,29,3.8,1.6e-6,29,2.4,GCA_001839685.2
OHT06549.1,-,PH,PF00169.35,1.6e-6,29,0.2,3.5e-6,27.9,0.2,GCA_001839685.2
OHT00535.1,-,PH,PF00169.35,2.2e-6,28.6,0.5,2.2e-6,28.6,0.5,GCA_001839685.2
OHS95875.1,-,PH,PF00169.35,4.7e-6,27.5,0.2,1.6e-5,25.9,0.2,GCA_001839685.2
OHT02420.1,-,PH,PF00169.35,4.9e-6,27.5,1.9,1.3e-4,22.9,1.9,GCA_001839685.2
OHT13324.1,-,PH,PF00169.35,6.4e-6,27.1,0.4,6.4e-6,27.1,0.4,GCA_001839685.2
OHT08753.1,-,PH,PF00169.35,4.5e-5,24.4,0,8.5e-5,23.5,0,GCA_001839685.2
OHT08265.1,-,PH,PF00169.35,9.4e-5,23.3,0,2.6e-4,21.9,0,GCA_001839685.2
OHS95828.1,-,PH,PF00169.35,0.0022,18.9,0.1,0.0088,17,0.1,GCA_001839685.2
OHT07622.1,-,PH,PF00169.35,0.0039,18.2,0,0.015,16.2,0,GCA_001839685.2
OHT16522.1,-,PH,PF00169.35,0.0062,17.5,0,0.013,16.4,0,GCA_001839685.2
OHT05481.1,-,PH,PF00169.35,0.0093,16.9,0,0.032,15.2,0,GCA_001839685.2
KAH0793429.1,-,PH,PF00169.35,1.4e-20,73,0.4,3.8e-20,71.7,0.4,GCA_020184695.1
KAH0795684.1,-,PH,PF00169.35,1.3e-19,69.9,0.2,2.7e-19,69,0.2,GCA_020184695.1
KAH0793977.1,-,PH,PF00169.35,4.9e-18,64.9,0.6,1.3e-17,63.6,0.6,GCA_020184695.1
KAH0793265.1,-,PH,PF00169.35,2.1e-17,62.9,0.1,4.5e-17,61.8,0.1,GCA_020184695.1
KAH0794123.1,-,PH,PF00169.35,1.7e-15,56.8,0.1,3.2e-15,55.9,0.1,GCA_020184695.1
KAH0787783.1,-,PH,PF00169.35,2.8e-15,56.1,0.3,4.7e-15,55.3,0.3,GCA_020184695.1
KAH0795770.1,-,PH,PF00169.35,3.1e-15,55.9,2.4,7.6e-15,54.7,2.4,GCA_020184695.1
KAH0792239.1,-,PH,PF00169.35,9.6e-15,54.3,0.1,1.8e-14,53.4,0.1,GCA_020184695.1
KAH0788878.1,-,PH,PF00169.35,1.1e-14,54.1,1.2,2.3e-14,53.1,1.2,GCA_020184695.1
KAH0787512.1,-,PH,PF00169.35,1e-13,51,0.3,2.7e-13,49.7,0.3,GCA_020184695.1
KAH0786277.1,-,PH,PF00169.35,8.2e-13,48.1,0.2,3.2e-12,46.2,0.2,GCA_020184695.1
KAH0790294.1,-,PH,PF00169.35,1e-12,47.8,5.1,2e-12,46.9,5.1,GCA_020184695.1
KAH0795392.1,-,PH,PF00169.35,1.8e-11,43.8,0.1,3.6e-11,42.8,0.1,GCA_020184695.1
KAH0786026.1,-,PH,PF00169.35,2.2e-11,43.5,0,3.7e-11,42.8,0,GCA_020184695.1
KAH0786081.1,-,PH,PF00169.35,4.2e-10,39.4,4.3,4.3e-10,39.4,2.5,GCA_020184695.1
KAH0787546.1,-,PH,PF00169.35,5.4e-9,35.9,0.4,1.1e-8,34.9,0.4,GCA_020184695.1
KAH0788551.1,-,PH,PF00169.35,6e-9,35.7,0.5,1.6e-8,34.3,0.3,GCA_020184695.1
KAH0790178.1,-,PH,PF00169.35,2.2e-8,33.9,0.1,5.4e-8,32.6,0.1,GCA_020184695.1
KAH0795529.1,-,PH,PF00169.35,5.1e-6,26.3,0,1.4e-5,24.9,0,GCA_020184695.1
KAH0793094.1,-,PH,PF00169.35,6.5e-6,25.9,0.5,2.3e-5,24.1,0.1,GCA_020184695.1
KAH0786073.1,-,PH,PF00169.35,1.1e-4,22,0.2,2.7e-4,20.7,0.2,GCA_020184695.1
KAH0790494.1,-,PH,PF00169.35,6.6e-4,19.5,0,0.0016,18.2,0,GCA_020184695.1
KAH0788771.1,-,PH,PF00169.35,0.014,15.2,0.1,0.028,14.2,0.1,GCA_020184695.1
KAH0797875.1,-,PH,PF00169.35,1.4e-20,73,0.4,3.8e-20,71.7,0.4,GCA_020186115.1
KAH0796397.1,-,PH,PF00169.35,1.3e-19,69.9,0.2,2.7e-19,69,0.2,GCA_020186115.1
KAH0806632.1,-,PH,PF00169.35,4.9e-18,64.9,0.6,1.3e-17,63.6,0.6,GCA_020186115.1
KAH0806385.1,-,PH,PF00169.35,1.6e-17,63.2,0.1,3.4e-17,62.2,0.1,GCA_020186115.1
KAH0806339.1,-,PH,PF00169.35,2.1e-17,62.9,0.1,4.5e-17,61.8,0.1,GCA_020186115.1
KAH0800922.1,-,PH,PF00169.35,1.7e-15,56.8,0.1,3.1e-15,55.9,0.1,GCA_020186115.1
KAH0806877.1,-,PH,PF00169.35,2.8e-15,56.1,0.3,4.7e-15,55.3,0.3,GCA_020186115.1
KAH0798380.1,-,PH,PF00169.35,3.1e-15,55.9,2.4,7.6e-15,54.7,2.4,GCA_020186115.1
KAH0805223.1,-,PH,PF00169.35,9.6e-15,54.3,0.1,1.8e-14,53.4,0.1,GCA_020186115.1
KAH0798354.1,-,PH,PF00169.35,1e-13,51,0.3,2.6e-13,49.7,0.3,GCA_020186115.1
KAH0802739.1,-,PH,PF00169.35,8.2e-13,48.1,0.2,3.2e-12,46.2,0.2,GCA_020186115.1
KAH0798598.1,-,PH,PF00169.35,1e-12,47.8,5.1,2e-12,46.9,5.1,GCA_020186115.1
KAH0800097.1,-,PH,PF00169.35,2.9e-12,46.3,0.6,2.9e-12,46.3,0.6,GCA_020186115.1
KAH0804740.1,-,PH,PF00169.35,1.8e-11,43.8,0.1,3.6e-11,42.8,0.1,GCA_020186115.1
KAH0803441.1,-,PH,PF00169.35,2.2e-11,43.5,0,3.7e-11,42.8,0,GCA_020186115.1
KAH0803066.1,-,PH,PF00169.35,4.2e-10,39.4,4.3,4.3e-10,39.4,2.5,GCA_020186115.1
KAH0798320.1,-,PH,PF00169.35,5.4e-9,35.9,0.4,1.1e-8,34.9,0.4,GCA_020186115.1
KAH0806127.1,-,PH,PF00169.35,6e-9,35.7,0.5,1.6e-8,34.3,0.3,GCA_020186115.1
KAH0801930.1,-,PH,PF00169.35,2.2e-8,33.9,0.1,5.4e-8,32.6,0.1,GCA_020186115.1
KAH0796552.1,-,PH,PF00169.35,5.1e-6,26.3,0,1.4e-5,24.9,0,GCA_020186115.1
KAH0796646.1,-,PH,PF00169.35,6.5e-6,25.9,0.5,2.3e-5,24.1,0.1,GCA_020186115.1
KAH0803075.1,-,PH,PF00169.35,1.1e-4,22,0.2,2.7e-4,20.7,0.2,GCA_020186115.1
KAH0799914.1,-,PH,PF00169.35,6.6e-4,19.5,0,0.0016,18.2,0,GCA_020186115.1
KAH0804299.1,-,PH,PF00169.35,0.014,15.2,0.1,0.028,14.2,0.1,GCA_020186115.1
KAI5539313.1,-,PH,PF00169.35,2e-20,75.2,0.4,5e-20,73.9,0.1,GCA_026262505.1
KAI5492715.1,-,PH,PF00169.35,1.8e-17,65.7,0.5,5.2e-17,64.2,0.2,GCA_026262505.1
KAI5491939.1,-,PH,PF00169.35,2.2e-17,65.4,0.1,3.4e-17,64.8,0.1,GCA_026262505.1
KAI5487440.1,-,PH,PF00169.35,7.8e-17,63.7,0,1.3e-16,62.9,0,GCA_026262505.1
KAI5488056.1,-,PH,PF00169.35,1.2e-16,63.1,0,2.4e-16,62.1,0,GCA_026262505.1
KAI5502536.1,-,PH,PF00169.35,1.5e-15,59.6,0.2,3.5e-15,58.3,0.2,GCA_026262505.1
KAI5490755.1,-,PH,PF00169.35,2.3e-15,58.9,0,4.8e-15,57.9,0,GCA_026262505.1
KAI5515111.1,-,PH,PF00169.35,2.4e-10,42.8,0,5.8e-10,41.6,0,GCA_026262505.1
KAI5503860.1,-,PH,PF00169.35,3.4e-10,42.3,0.1,8e-10,41.1,0.1,GCA_026262505.1
KAI5511493.1,-,PH,PF00169.35,4.1e-9,38.8,0.1,9.1e-9,37.7,0.1,GCA_026262505.1
KAI5507419.1,-,PH,PF00169.35,4.4e-9,38.7,1.5,1.1e-8,37.4,1.5,GCA_026262505.1
KAI5546691.1,-,PH,PF00169.35,2e-8,36.6,0.1,3.6e-8,35.8,0.1,GCA_026262505.1
KAI5508614.1,-,PH,PF00169.35,2.2e-8,36.5,0,6.4e-8,35,0,GCA_026262505.1
KAI5496738.1,-,PH,PF00169.35,3.4e-8,35.9,0,2.8e-7,33,0,GCA_026262505.1
KAI5554057.1,-,PH,PF00169.35,1.6e-7,33.7,0,4.3e-7,32.3,0,GCA_026262505.1
KAI5525482.1,-,PH,PF00169.35,4.1e-7,32.4,0.1,9.7e-7,31.2,0.1,GCA_026262505.1
KAI5533216.1,-,PH,PF00169.35,7e-7,31.7,0.9,2e-6,30.2,0.9,GCA_026262505.1
KAI5492229.1,-,PH,PF00169.35,1.8e-6,30.3,0,3.9e-6,29.3,0,GCA_026262505.1
KAI5483163.1,-,PH,PF00169.35,5.6e-6,28.8,0.3,4.8e-5,25.8,0.3,GCA_026262505.1
KAI5549860.1,-,PH,PF00169.35,8.2e-6,28.2,0,1.9e-5,27,0,GCA_026262505.1
KAI5500595.1,-,PH,PF00169.35,1.9e-5,27,0.2,4.6e-5,25.8,0.2,GCA_026262505.1
KAI5501782.1,-,PH,PF00169.35,9.1e-5,24.9,0.1,2.1e-4,23.7,0.1,GCA_026262505.1
KAI5500514.1,-,PH,PF00169.35,9.8e-5,24.8,0.2,3.8e-4,22.9,0,GCA_026262505.1
KAI5513786.1,-,PH,PF00169.35,3.3e-4,23.1,0,7.6e-4,21.9,0,GCA_026262505.1
KAI5504611.1,-,PH,PF00169.35,5.7e-4,22.3,0,0.0012,21.3,0,GCA_026262505.1
KAI5536090.1,-,PH,PF00169.35,0.0063,19,0.2,0.015,17.7,0.2,GCA_026262505.1
KAI5529816.1,-,PH,PF00169.35,0.015,17.8,0.1,0.029,16.8,0.1,GCA_026262505.1
KAI5528748.1,-,PH,PF00169.35,0.18,14.3,0.1,0.38,13.2,0.1,GCA_026262505.1
KAJ3444284.1,-,PH,PF00169.35,1.0999999999999998e-24,87.7,0.4,2.2999999999999997e-24,86.6,0.4,GCA_027625915.1
KAJ3449524.1,-,PH,PF00169.35,2.1999999999999996e-24,86.7,1,5e-24,85.5,1,GCA_027625915.1
KAJ3448919.1,-,PH,PF00169.35,6.8e-24,85.1,1.1,1.5e-23,84,1.1,GCA_027625915.1
KAJ3439699.1,-,PH,PF00169.35,1.4000000000000002e-23,84.1,0.3,2.7e-23,83.2,0.3,GCA_027625915.1
KAJ3438944.1,-,PH,PF00169.35,3.3e-23,82.9,1,6.8e-23,81.9,1,GCA_027625915.1
KAJ3433105.1,-,PH,PF00169.35,3.4e-23,82.8,0.2,6.6e-23,81.9,0.2,GCA_027625915.1
KAJ3452228.1,-,PH,PF00169.35,1.3e-22,81,0.9,2.8000000000000004e-22,79.9,0.9,GCA_027625915.1
KAJ3437418.1,-,PH,PF00169.35,2.7e-22,80,0.4,6.300000000000001e-22,78.8,0.4,GCA_027625915.1
KAJ3439722.1,-,PH,PF00169.35,5.2e-21,75.8,2.9,1.1e-20,74.8,2.9,GCA_027625915.1
KAJ3428928.1,-,PH,PF00169.35,1.6e-19,71.1,0.9,3e-19,70.2,0.9,GCA_027625915.1
KAJ3432777.1,-,PH,PF00169.35,3.2e-19,70.1,1.5,6e-19,69.2,1.5,GCA_027625915.1
KAJ3442547.1,-,PH,PF00169.35,1.1e-18,68.4,2.5,2.1e-18,67.5,2.5,GCA_027625915.1
KAJ3439364.1,-,PH,PF00169.35,1.4e-18,68.1,1.7,2.5e-18,67.2,1.7,GCA_027625915.1
KAJ3446779.1,-,PH,PF00169.35,1.6e-18,67.9,1.9,3e-18,66.9,1.9,GCA_027625915.1
KAJ3432351.1,-,PH,PF00169.35,2.4e-18,67.3,1,4.3e-18,66.4,1,GCA_027625915.1
KAJ3434370.1,-,PH,PF00169.35,1.7e-9,38.8,0,4.1e-9,37.6,0,GCA_027625915.1
KAJ3445631.1,-,PH,PF00169.35,2.6e-7,31.8,0.1,2.6e-7,31.8,0.1,GCA_027625915.1
KAJ3438554.1,-,PH,PF00169.35,1.3e-5,26.3,0.7,2.5e-5,25.4,0.1,GCA_027625915.1
KAJ3441758.1,-,PH,PF00169.35,5.6e-4,21.1,0,0.0011,20.2,0,GCA_027625915.1
KAJ5080786.1,-,PH,PF00169.35,2.1e-24,85.7,0.9,5.5999999999999996e-24,84.4,0.9,GCA_028826165.1
KAJ5079900.1,-,PH,PF00169.35,3.7e-21,75.3,1.7,8e-21,74.3,1.7,GCA_028826165.1
KAJ5068875.1,-,PH,PF00169.35,6.2e-21,74.6,2.5,1.8e-20,73.1,1.3,GCA_028826165.1
KAJ5071551.1,-,PH,PF00169.35,7.2e-21,74.4,0.6,1.3e-20,73.5,0.6,GCA_028826165.1
KAJ5078432.1,-,PH,PF00169.35,5.7e-20,71.5,0.8,1.3e-19,70.4,0.8,GCA_028826165.1
KAJ6252314.1,-,PH,PF00169.35,1.0999999999999998e-24,87.7,0.4,2.2999999999999997e-24,86.6,0.4,GCA_028892595.1
KAJ6253560.1,-,PH,PF00169.35,1.3999999999999999e-24,87.4,1.1,3.0999999999999997e-24,86.2,1.1,GCA_028892595.1
KAJ6236357.1,-,PH,PF00169.35,6.8e-24,85.1,1.1,1.5e-23,84,1.1,GCA_028892595.1
KAJ6255356.1,-,PH,PF00169.35,1.4000000000000002e-23,84.1,0.3,2.7e-23,83.2,0.3,GCA_028892595.1
KAJ6244155.1,-,PH,PF00169.35,3.3e-23,82.9,1,6.8e-23,81.9,1,GCA_028892595.1
KAJ6246661.1,-,PH,PF00169.35,3.4e-23,82.8,0.2,6.7e-23,81.9,0.2,GCA_028892595.1
KAJ6229599.1,-,PH,PF00169.35,1.3e-22,81,0.9,2.8000000000000004e-22,79.9,0.9,GCA_028892595.1
KAJ6251906.1,-,PH,PF00169.35,3.9e-21,76.2,2.3,8.2e-21,75.2,2.3,GCA_028892595.1
KAJ6248887.1,-,PH,PF00169.35,1.6e-19,71.1,0.9,3e-19,70.2,0.9,GCA_028892595.1
KAJ6246982.1,-,PH,PF00169.35,3.2e-19,70.1,1.5,6e-19,69.2,1.5,GCA_028892595.1
KAJ6227827.1,-,PH,PF00169.35,1.1e-18,68.4,2.5,2.1e-18,67.5,2.5,GCA_028892595.1
KAJ6227709.1,-,PH,PF00169.35,1.4e-18,68.1,1.7,2.5e-18,67.2,1.7,GCA_028892595.1
KAJ6254877.1,-,PH,PF00169.35,1.6e-18,67.9,1.9,3e-18,66.9,1.9,GCA_028892595.1
KAJ6240301.1,-,PH,PF00169.35,2.4e-18,67.3,1,4.3e-18,66.4,1,GCA_028892595.1
KAJ6233718.1,-,PH,PF00169.35,1.6e-7,32.4,0,4.1e-7,31.2,0,GCA_028892595.1
KAJ6230059.1,-,PH,PF00169.35,4.2e-7,31.2,0,9.6e-7,30,0,GCA_028892595.1
KAJ6242869.1,-,PH,PF00169.35,3e-6,28.4,0.6,3e-6,28.4,0.6,GCA_028892595.1
KAJ6233201.1,-,PH,PF00169.35,1.2e-5,26.5,0.8,2.3e-5,25.6,0.1,GCA_028892595.1
KAJ6232798.1,-,PH,PF00169.35,0.002,19.3,0,0.0037,18.4,0,GCA_028892595.1
KAK8848115.1,-,PH,PF00169.35,1.5999999999999999e-24,87.7,1.1,3e-24,86.8,1.1,GCA_039105265.1
KAK8842861.1,-,PH,PF00169.35,4.5999999999999995e-24,86.2,0.7,8.599999999999998e-24,85.3,0.7,GCA_039105265.1
KAK8847019.1,-,PH,PF00169.35,2.9e-19,70.8,1.2,1.8e-18,68.2,0.1,GCA_039105265.1
KAK8840355.1,-,PH,PF00169.35,9.2e-19,69.2,0.4,2.3e-18,67.9,0.4,GCA_039105265.1
KAK8842325.1,-,PH,PF00169.35,3.2e-18,67.4,2.4,5e-18,66.8,0.7,GCA_039105265.1
KAK8900393.1,-,PH,PF00169.35,4.5e-18,66.9,0.3,1.2e-17,65.5,0,GCA_039105265.1
KAK8878346.1,-,PH,PF00169.35,1.2e-17,65.5,0.2,2.3e-17,64.7,0.2,GCA_039105265.1
KAK8893711.1,-,PH,PF00169.35,2.8e-16,61.2,0.3,6e-16,60.1,0.3,GCA_039105265.1
KAK8841192.1,-,PH,PF00169.35,4.9e-16,60.4,2.8,1.2e-15,59.1,0.3,GCA_039105265.1
KAK8882546.1,-,PH,PF00169.35,1.2e-15,59.2,0.4,2.1e-15,58.4,0.4,GCA_039105265.1
KAK8896752.1,-,PH,PF00169.35,3.6e-15,57.6,1.3,3.6e-15,57.6,1.3,GCA_039105265.1
KAK8846329.1,-,PH,PF00169.35,1.7e-10,42.6,0,4.2e-10,41.3,0,GCA_039105265.1
KAK8888958.1,-,PH,PF00169.35,3.1e-10,41.8,0.1,6.9e-10,40.6,0.1,GCA_039105265.1
KAK8895137.1,-,PH,PF00169.35,3.6e-10,41.5,2.7,4.2e-10,41.3,0.9,GCA_039105265.1
KAK8894997.1,-,PH,PF00169.35,1.5e-9,39.6,0.5,6.4e-9,37.5,0.5,GCA_039105265.1
KAK8894814.1,-,PH,PF00169.35,2.1e-9,39.1,0.8,7.2e-9,37.4,0.2,GCA_039105265.1
KAK8884091.1,-,PH,PF00169.35,4e-9,38.2,0.2,8.9e-9,37.1,0.2,GCA_039105265.1
KAK8840649.1,-,PH,PF00169.35,4.4e-9,38,2.6,1.3e-8,36.6,2.6,GCA_039105265.1
KAK8866524.1,-,PH,PF00169.35,6.6e-9,37.5,0.8,1.2e-8,36.6,0.8,GCA_039105265.1
KAK8881614.1,-,PH,PF00169.35,1.7e-8,36.2,0.8,3.4e-8,35.2,0.2,GCA_039105265.1
KAK8834899.1,-,PH,PF00169.35,2.4e-8,35.7,0.4,6.4e-8,34.3,0.1,GCA_039105265.1
KAK8884012.1,-,PH,PF00169.35,2.4e-8,35.7,0.4,6.4e-8,34.3,0.1,GCA_039105265.1
KAK8866332.1,-,PH,PF00169.35,9.3e-8,33.8,2.1,4.8e-7,31.5,1.3,GCA_039105265.1
KAK8887040.1,-,PH,PF00169.35,1.2e-7,33.5,1.1,2.8e-7,32.3,1.1,GCA_039105265.1
KAK8854306.1,-,PH,PF00169.35,1.4e-7,33.3,2.1,1.9e-7,32.8,0.8,GCA_039105265.1
KAK8886140.1,-,PH,PF00169.35,9.2e-7,30.6,0.1,4.1e-6,28.5,0,GCA_039105265.1
KAK8896222.1,-,PH,PF00169.35,1.5e-6,29.9,0,3.7e-6,28.6,0,GCA_039105265.1
KAK8895938.1,-,PH,PF00169.35,9.5e-5,24.1,0.1,2.5e-4,22.8,0.1,GCA_039105265.1
KAK8890552.1,-,PH,PF00169.35,9.7e-5,24.1,0.1,1.8e-4,23.2,0.1,GCA_039105265.1
KAK8883798.1,-,PH,PF00169.35,1.5e-4,23.5,0,4.9e-4,21.8,0,GCA_039105265.1
KAK8882701.1,-,PH,PF00169.35,3.6e-4,22.3,0.1,9.7e-4,20.9,0,GCA_039105265.1
KAK8842667.1,-,PH,PF00169.35,0.0018,20,0,0.0051,18.6,0,GCA_039105265.1
EEY67999.1,-,PH,PF00169.35,8.4e-9,35.9,0.1,2.3e-8,34.5,0.1,GCA_000142945.1
EEY58752.1,-,PH,PF00169.35,3.8e-4,20.9,0,7.4e-4,20,0,GCA_000142945.1
EGZ29420.1,-,PH,PF00169.35,0.001,20.1,0,0.0019,19.2,0,GCA_000149755.2
EGZ27644.1,-,PH,PF00169.35,0.0056,17.7,0.1,0.027,15.5,0.1,GCA_000149755.2
KDO18578.1,-,PH,PF00169.35,2.9e-6,27.9,0,5.8e-6,26.9,0,GCA_000151545.2
ETN07522.1,-,PH,PF00169.35,9.1e-9,36.4,0.1,2.4e-8,35,0.1,GCA_000247585.2
ETN07523.1,-,PH,PF00169.35,9.1e-9,36.4,0.1,2.4e-8,35,0.1,GCA_000247585.2
ETN07524.1,-,PH,PF00169.35,9.1e-9,36.4,0.1,2.4e-8,35,0.1,GCA_000247585.2
ETN01163.1,-,PH,PF00169.35,0.002,19.2,0,0.0039,18.3,0,GCA_000247585.2
EQC33696.1,-,PH,PF00169.35,3.8e-11,43.4,0.3,7.5e-11,42.5,0.3,GCA_000281045.1
EQC35162.1,-,PH,PF00169.35,3.4e-6,27.5,0,6.6e-6,26.6,0,GCA_000281045.1
KAF4315866.1,-,PH,PF00169.35,3.3e-4,20.5,0,6.5e-4,19.6,0,GCA_000333075.3
ETI43923.1,-,PH,PF00169.35,9.1e-9,36.4,0.1,2.5e-8,35,0.1,GCA_000365505.1
ETI43924.1,-,PH,PF00169.35,9.1e-9,36.4,0.1,2.5e-8,35,0.1,GCA_000365505.1
ETI43925.1,-,PH,PF00169.35,9.1e-9,36.4,0.1,2.5e-8,35,0.1,GCA_000365505.1
ETI34817.1,-,PH,PF00169.35,0.002,19.2,0,0.004,18.3,0,GCA_000365505.1
ETO72614.1,-,PH,PF00169.35,9.1e-9,36.4,0.1,2.5e-8,35,0.1,GCA_000365525.1
ETO72615.1,-,PH,PF00169.35,9.1e-9,36.4,0.1,2.5e-8,35,0.1,GCA_000365525.1
ETO72616.1,-,PH,PF00169.35,9.1e-9,36.4,0.1,2.5e-8,35,0.1,GCA_000365525.1
ETO63559.1,-,PH,PF00169.35,0.0021,19.2,0,0.004,18.3,0,GCA_000365525.1
ETP13740.1,-,PH,PF00169.35,9.1e-9,36.4,0.1,2.5e-8,35,0.1,GCA_000365545.1
ETP13741.1,-,PH,PF00169.35,9.1e-9,36.4,0.1,2.5e-8,35,0.1,GCA_000365545.1
ETP13742.1,-,PH,PF00169.35,9.1e-9,36.4,0.1,2.5e-8,35,0.1,GCA_000365545.1
ETP04656.1,-,PH,PF00169.35,0.002,19.2,0,0.004,18.3,0,GCA_000365545.1
ETP41802.1,-,PH,PF00169.35,9.1e-9,36.4,0.1,2.4e-8,35,0.1,GCA_000367145.1
ETP41803.1,-,PH,PF00169.35,9.1e-9,36.4,0.1,2.4e-8,35,0.1,GCA_000367145.1
ETP41804.1,-,PH,PF00169.35,9.1e-9,36.4,0.1,2.4e-8,35,0.1,GCA_000367145.1
ETP32804.1,-,PH,PF00169.35,0.002,19.2,0,0.0039,18.3,0,GCA_000367145.1
ETK83971.1,-,PH,PF00169.35,8.7e-9,36.4,0.1,2.3e-8,35,0.1,GCA_000509465.1
ETK83972.1,-,PH,PF00169.35,8.7e-9,36.4,0.1,2.3e-8,35,0.1,GCA_000509465.1
ETK83973.1,-,PH,PF00169.35,8.7e-9,36.4,0.1,2.3e-8,35,0.1,GCA_000509465.1
ETK75102.1,-,PH,PF00169.35,0.002,19.2,0,0.0038,18.3,0,GCA_000509465.1
ETL37384.1,-,PH,PF00169.35,8.7e-9,36.4,0.1,2.3e-8,35,0.1,GCA_000509485.1
ETL37385.1,-,PH,PF00169.35,8.7e-9,36.4,0.1,2.3e-8,35,0.1,GCA_000509485.1
ETL37386.1,-,PH,PF00169.35,8.7e-9,36.4,0.1,2.3e-8,35,0.1,GCA_000509485.1
ETL28522.1,-,PH,PF00169.35,0.0019,19.2,0,0.0038,18.3,0,GCA_000509485.1
ETL90542.1,-,PH,PF00169.35,8.6e-9,36.4,0.1,2.3e-8,35,0.1,GCA_000509505.1
ETL90543.1,-,PH,PF00169.35,8.6e-9,36.4,0.1,2.3e-8,35,0.1,GCA_000509505.1
ETL90544.1,-,PH,PF00169.35,8.6e-9,36.4,0.1,2.3e-8,35,0.1,GCA_000509505.1
ETL81778.1,-,PH,PF00169.35,0.0019,19.2,0,0.0037,18.3,0,GCA_000509505.1
ETM43846.1,-,PH,PF00169.35,8.7e-9,36.4,0.1,2.3e-8,35,0.1,GCA_000509525.1
ETM43847.1,-,PH,PF00169.35,8.7e-9,36.4,0.1,2.3e-8,35,0.1,GCA_000509525.1
ETM43848.1,-,PH,PF00169.35,8.7e-9,36.4,0.1,2.3e-8,35,0.1,GCA_000509525.1
ETM34981.1,-,PH,PF00169.35,0.0019,19.2,0,0.0038,18.3,0,GCA_000509525.1
ETV88627.1,-,PH,PF00169.35,6.5e-13,49.6,0.3,1.6e-12,48.3,0.3,GCA_000520075.1
ETV71182.1,-,PH,PF00169.35,1.9e-10,41.7,0.1,4.3e-10,40.6,0.1,GCA_000520075.1
ETV72864.1,-,PH,PF00169.35,3e-5,25,0,5.8e-5,24.1,0,GCA_000520075.1
ETW09150.1,-,PH,PF00169.35,4.2e-13,49.9,0.2,9.8e-13,48.7,0.2,GCA_000520115.1
ETW01800.1,-,PH,PF00169.35,9e-11,42.4,0.1,2.5e-10,41,0.1,GCA_000520115.1
ETV98311.1,-,PH,PF00169.35,6.3e-4,20.4,0,0.0014,19.3,0,GCA_000520115.1
KAG2510422.1,-,PH,PF00169.35,2.8e-4,20.5,0,5.5e-4,19.6,0,GCA_000785725.3
KAG2507456.1,-,PH,PF00169.35,2.8e-4,20.5,0,5.5e-4,19.6,0,GCA_000785735.3
GLD99509.1,-,PH,PF00169.35,0.06,14,0,0.13,12.9,0,GCA_001029375.2
CCI46000.1,-,PH,PF00169.35,2.8e-11,43.5,0,5.7e-11,42.4,0,GCA_001078535.1
CCI45999.1,-,PH,PF00169.35,2.8e-11,43.4,0,5.8e-11,42.4,0,GCA_001078535.1
CCI41224.1,-,PH,PF00169.35,1.6e-7,31.4,0.1,3.5e-7,30.3,0.1,GCA_001078535.1
CCI41225.1,-,PH,PF00169.35,1.6e-7,31.4,0.1,3.5e-7,30.3,0.1,GCA_001078535.1
CCI42455.1,-,PH,PF00169.35,2.8e-6,27.4,0.1,5.2e-6,26.5,0.1,GCA_001078535.1
CCI42456.1,-,PH,PF00169.35,2.8e-6,27.4,0.1,5.2e-6,26.5,0.1,GCA_001078535.1
CCI42458.1,-,PH,PF00169.35,2.9e-6,27.3,0.1,5.5e-6,26.4,0.1,GCA_001078535.1
CCI42457.1,-,PH,PF00169.35,2.9e-6,27.3,0.1,5.5e-6,26.4,0.1,GCA_001078535.1
CCI42804.1,-,PH,PF00169.35,0.012,15.7,0,0.025,14.7,0,GCA_001078535.1
KUF92845.1,-,PH,PF00169.35,5.6e-9,36.4,0.1,1.5e-8,35,0.1,GCA_001483015.1
KUF83073.1,-,PH,PF00169.35,0.0013,19.2,0,0.0024,18.3,0,GCA_001483015.1
RLN20411.1,-,PH,PF00169.35,2.8e-4,20.5,0,5.5e-4,19.6,0,GCA_001707905.2
RLN98543.1,-,PH,PF00169.35,9.8e-4,20.2,0,0.002,19.2,0,GCA_001712635.2
RLN26716.1,-,PH,PF00169.35,0.001,20.1,0,0.002,19.2,0,GCA_001712635.2
RLN70296.1,-,PH,PF00169.35,2.6e-4,20.7,0,5e-4,19.8,0,GCA_001712645.2
RLN53509.1,-,PH,PF00169.35,2.6e-4,20.7,0,4.9e-4,19.8,0,GCA_001712705.2
RLN74134.1,-,PH,PF00169.35,2.8e-4,20.5,0,5.5e-4,19.6,0,GCA_001712715.2
OQS02185.1,-,PH,PF00169.35,3.6e-7,30.2,0,6.4e-7,29.4,0,GCA_002081575.1
OQS01664.1,-,PH,PF00169.35,4.9e-12,46,0.3,9.6e-12,45,0.3,GCA_002081595.1
OQR86556.1,-,PH,PF00169.35,4e-6,27,0,7.3e-6,26.1,0,GCA_002081595.1
OWZ21121.1,-,PH,PF00169.35,1.8e-8,35.8,0.1,4.6e-8,34.5,0.1,GCA_002215365.1
OWZ16675.1,-,PH,PF00169.35,6e-4,21.2,0,0.0012,20.3,0,GCA_002215365.1
RAW43408.1,-,PH,PF00169.35,1.1e-8,35.9,0.1,3.2e-8,34.4,0.1,GCA_003287315.1
RAW40710.1,-,PH,PF00169.35,6.2e-4,20.7,0,0.0012,19.7,0,GCA_003287315.1
RHY35159.1,-,PH,PF00169.35,2.3e-13,49.9,0.2,5.3e-13,48.7,0.2,GCA_003546525.1
RHY23657.1,-,PH,PF00169.35,1.7e-10,40.7,0.2,4.9e-10,39.2,0.2,GCA_003546525.1
RHY28739.1,-,PH,PF00169.35,3.3e-4,20.4,0,7.3e-4,19.3,0,GCA_003546525.1
RHY69359.1,-,PH,PF00169.35,3.5e-13,49.6,0.3,8.9e-13,48.3,0.3,GCA_003546545.1
RHY46449.1,-,PH,PF00169.35,1.7e-5,25,0,3.2e-5,24.1,0,GCA_003546545.1
RHY12049.1,-,PH,PF00169.35,3.6e-13,49.6,0.3,9e-13,48.3,0.3,GCA_003546565.1
RHY06484.1,-,PH,PF00169.35,1.7e-5,25,0,3.2e-5,24.1,0,GCA_003546565.1
RHY62637.1,-,PH,PF00169.35,3.5e-13,49.6,0.3,9e-13,48.3,0.3,GCA_003546585.1
RHY57236.1,-,PH,PF00169.35,1.7e-5,25,0,3.2e-5,24.1,0,GCA_003546585.1
RHY15099.1,-,PH,PF00169.35,3.5e-13,49.6,0.3,8.9e-13,48.3,0.3,GCA_003546605.1
RHY14914.1,-,PH,PF00169.35,1.7e-5,25,0,3.2e-5,24.1,0,GCA_003546605.1
RHY61468.1,-,PH,PF00169.35,3.5e-13,49.6,0.3,8.9e-13,48.3,0.3,GCA_003546625.1
RHY93989.1,-,PH,PF00169.35,1.6e-5,25,0,3.1e-5,24.1,0,GCA_003546765.1
RHY79315.1,-,PH,PF00169.35,1.9e-5,25,0,3.7e-5,24.1,0,GCA_003546785.1
RHY78652.1,-,PH,PF00169.35,2e-5,25,0,3.7e-5,24.1,0,GCA_003546805.1
RHZ09531.1,-,PH,PF00169.35,1.6e-5,25,0,3.1e-5,24.1,0,GCA_003546825.1
RLO11326.1,-,PH,PF00169.35,1.8e-5,25,0,3.6e-5,24.1,0,GCA_003666305.1
RQM11690.1,-,PH,PF00169.35,0.044,13.3,0,0.076,12.5,0,GCA_003843895.1
TDH65317.1,-,PH,PF00169.35,2.1e-9,37,0.1,5.4e-9,35.7,0.1,GCA_004359215.2
TMW56325.1,-,PH,PF00169.35,0.0023,18.1,0.1,0.0073,16.6,0.1,GCA_005966545.1
TMW65054.1,-,PH,PF00169.35,0.0046,17.2,0,0.014,15.6,0,GCA_005966545.1
KAF1315694.1,-,PH,PF00169.35,3e-9,37.3,0.2,6.5e-9,36.2,0.2,GCA_006386115.1
KAF1328742.1,-,PH,PF00169.35,4.7e-4,20.6,0,0.0011,19.4,0,GCA_006386115.1
TYZ68158.1,-,PH,PF00169.35,4.3e-4,20.3,0,9.5e-4,19.2,0,GCA_008271595.1
KAE8880270.1,-,PH,PF00169.35,1.4e-8,36.4,0.1,2.8e-8,35.4,0.1,GCA_009729455.1
KAE8882373.1,-,PH,PF00169.35,0.002,19.8,0,0.0039,18.9,0,GCA_009729455.1
KAE9012884.1,-,PH,PF00169.35,1e-8,36.5,0.1,2.9e-8,35.1,0.1,GCA_009732905.1
KAE9029255.1,-,PH,PF00169.35,0.0021,19.4,0,0.0042,18.5,0,GCA_009732905.1
KAE9026577.1,-,PH,PF00169.35,8.9e-9,36.7,0.1,1.9e-8,35.6,0.1,GCA_009732925.1
KAE9003921.1,-,PH,PF00169.35,9.7e-4,20.5,0,0.0019,19.6,0,GCA_009732925.1
KAE9045854.1,-,PH,PF00169.35,1e-8,36.5,0.1,2.8e-8,35.1,0.1,GCA_009732945.1
KAE9022931.1,-,PH,PF00169.35,0.0021,19.4,0,0.0041,18.5,0,GCA_009732945.1
KAE9231572.1,-,PH,PF00169.35,9.9e-9,36.6,0.1,2.1e-8,35.5,0.1,GCA_009732985.1
KAE9133721.1,-,PH,PF00169.35,1.1e-8,36.4,0.1,2.9e-8,35.1,0.1,GCA_009733005.1
KAE9104006.1,-,PH,PF00169.35,0.0021,19.4,0,0.0042,18.5,0,GCA_009733005.1
KAE9153390.1,-,PH,PF00169.35,1.1e-8,36.4,0.1,2.9e-8,35.1,0.1,GCA_009733025.1
KAE9155190.1,-,PH,PF00169.35,0.0021,19.4,0,0.0042,18.5,0,GCA_009733025.1
KAE9251292.1,-,PH,PF00169.35,8.9e-9,36.7,0.1,1.9e-8,35.6,0.1,GCA_009733045.1
KAE9254413.1,-,PH,PF00169.35,0.0012,20.2,0,0.0024,19.2,0,GCA_009733045.1
KAE9134389.1,-,PH,PF00169.35,8.9e-9,36.7,0.1,1.9e-8,35.6,0.1,GCA_009733065.1
KAE9139182.1,-,PH,PF00169.35,0.0016,19.8,0,0.0032,18.9,0,GCA_009733065.1
KAE9257042.1,-,PH,PF00169.35,0.0021,19.4,0,0.0042,18.5,0,GCA_009733085.1
KAE9325894.1,-,PH,PF00169.35,7.5e-9,37,0.1,2.3e-8,35.4,0.1,GCA_009733105.1
KAE9295685.1,-,PH,PF00169.35,0.0013,20.2,0,0.0025,19.2,0,GCA_009733105.1
KAE9329827.1,-,PH,PF00169.35,8.3e-4,20.7,0,0.0017,19.8,0,GCA_009733125.1
KAE9360073.1,-,PH,PF00169.35,1.1e-8,36.5,0.1,3e-8,35.1,0.1,GCA_009733145.1
KAE9336956.1,-,PH,PF00169.35,0.0022,19.4,0,0.0044,18.5,0,GCA_009733145.1
KAF0736857.1,-,PH,PF00169.35,7.5e-12,45.9,0.1,1.7e-11,44.8,0.1,GCA_009835175.1
KAF0744071.1,-,PH,PF00169.35,3.1e-7,31,0.1,5.8e-7,30.1,0.1,GCA_009835175.1
KAF0694411.1,-,PH,PF00169.35,1.2e-11,45.6,0.1,2.7e-11,44.4,0.1,GCA_009835185.1
KAF0685620.1,-,PH,PF00169.35,1e-5,26.5,0,2e-5,25.5,0,GCA_009835185.1
KAF0757462.1,-,PH,PF00169.35,3.9e-5,24,0,7.9e-5,23,0,GCA_009835205.1
KAF1791467.1,-,PH,PF00169.35,1e-8,36.1,0.1,2.8e-8,34.6,0.1,GCA_010194725.1
KAF1776879.1,-,PH,PF00169.35,0.0012,19.7,0,0.0026,18.7,0,GCA_010194725.1
KAG1691259.1,-,PH,PF00169.35,1.4e-4,22.8,0,3e-4,21.6,0,GCA_016618375.1
KAG2795365.1,-,PH,PF00169.35,1.2e-8,35.9,0.1,3.5e-8,34.4,0.1,GCA_016864635.1
KAG2810690.1,-,PH,PF00169.35,6.7e-4,20.7,0,0.0013,19.7,0,GCA_016864635.1
KAG2770969.1,-,PH,PF00169.35,7.7e-4,20.7,0,0.0015,19.7,0,GCA_016864655.1
KAG2795706.1,-,PH,PF00169.35,1.2e-8,35.9,0.1,3.6e-8,34.4,0.1,GCA_016864665.1
KAG2809096.1,-,PH,PF00169.35,6.9e-4,20.7,0,0.0013,19.7,0,GCA_016864665.1
KAG2900797.1,-,PH,PF00169.35,3.7e-4,21.5,0,7e-4,20.6,0,GCA_016864735.1
KAG2888819.1,-,PH,PF00169.35,2.9e-4,22,0,5.5e-4,21.1,0,GCA_016864755.1
KAG3006869.1,-,PH,PF00169.35,4.7e-4,21.3,0,9.1e-4,20.4,0,GCA_016864795.1
KAG2970944.1,-,PH,PF00169.35,6.9e-4,20.7,0,0.0013,19.7,0,GCA_016864815.1
KAG2997678.1,-,PH,PF00169.35,3.6e-4,21.7,0,7.1e-4,20.7,0,GCA_016864835.1
KAG3205709.1,-,PH,PF00169.35,8.8e-9,36.3,0.1,2.5e-8,34.9,0.1,GCA_016865055.1
KAG3213978.1,-,PH,PF00169.35,3.9e-4,21.4,0,7.6e-4,20.5,0,GCA_016865055.1
KAG3126852.1,-,PH,PF00169.35,9.7e-9,36.3,0.1,2.7e-8,34.9,0.1,GCA_016865075.1
KAG3144505.1,-,PH,PF00169.35,3.5e-4,21.7,0,7e-4,20.7,0,GCA_016865075.1
KAG3168437.1,-,PH,PF00169.35,3.5e-4,21.7,0,6.9e-4,20.7,0,GCA_016865085.1
KAG3065459.1,-,PH,PF00169.35,9.3e-9,36.4,0.1,2.6e-8,34.9,0.1,GCA_016865095.1
KAG3079020.1,-,PH,PF00169.35,5.2e-4,21.1,0,0.001,20.2,0,GCA_016865095.1
KAG3127053.1,-,PH,PF00169.35,8.5e-9,36.4,0.1,2.4e-8,34.9,0.1,GCA_016880175.1
KAG3133444.1,-,PH,PF00169.35,5.1e-4,21,0,9.9e-4,20.1,0,GCA_016880175.1
KAG4039576.1,-,PH,PF00169.35,9.6e-9,36.4,0.1,2.8e-8,34.9,0.1,GCA_016906365.1
KAG4047283.1,-,PH,PF00169.35,7.6e-4,20.7,0,0.0015,19.7,0,GCA_016906365.1
KAG4224904.1,-,PH,PF00169.35,1.7e-8,35.9,0.1,4.8e-8,34.4,0.1,GCA_017309695.1
KAG4230918.1,-,PH,PF00169.35,9.2e-4,20.7,0,0.0018,19.7,0,GCA_017309695.1
KAG6623344.1,-,PH,PF00169.35,1e-8,35.9,0.1,2.1e-8,34.8,0.1,GCA_018691715.1
KAG6615895.1,-,PH,PF00169.35,7.2e-4,20.3,0,0.0015,19.3,0,GCA_018691715.1
KAG6951545.1,-,PH,PF00169.35,9.1e-4,19.7,0,0.0018,18.8,0,GCA_018873745.1
KAG6951254.1,-,PH,PF00169.35,4.8e-4,20.7,0,9.4e-4,19.7,0,GCA_018873755.1
KAG7391565.1,-,PH,PF00169.35,2.2e-4,21.1,0,4.6e-4,20.1,0,GCA_019155685.1
KAG9415324.1,-,PH,PF00169.35,7.4e-12,45.8,0.1,1.6e-11,44.8,0.1,GCA_019828595.1
KAG9406716.1,-,PH,PF00169.35,1.6e-7,31.9,0.1,2.9e-7,31.1,0.1,GCA_019828595.1
KAH7481806.1,-,PH,PF00169.35,6.4e-9,36.1,0.1,1.6e-8,34.7,0.1,GCA_020800215.1
KAH7460271.1,-,PH,PF00169.35,5e-4,20.3,0,9.8e-4,19.4,0,GCA_020800215.1
KAL4170326.1,-,PH,PF00169.35,6.4e-9,36.1,0.1,1.6e-8,34.7,0.1,GCA_020800235.2
KAL4173318.1,-,PH,PF00169.35,5e-4,20.3,0,9.8e-4,19.4,0,GCA_020800235.2
UIZ26225.1,-,PH,PF00169.35,4e-8,32.9,0.1,1e-7,31.5,0.1,GCA_021491655.1
KAH9106659.1,-,PH,PF00169.35,8.2e-12,45.8,0.1,1.8e-11,44.8,0.1,GCA_021527665.1
KAH9126815.1,-,PH,PF00169.35,1.7e-5,25.5,0.1,3.3e-5,24.6,0.1,GCA_021527665.1
KAH9087215.1,-,PH,PF00169.35,8.5e-12,45.9,0.1,1.9e-11,44.8,0.1,GCA_021527685.1
KAH9051784.1,-,PH,PF00169.35,3.5e-7,31,0.1,6.6e-7,30.1,0.1,GCA_021527685.1
KAH9133399.1,-,PH,PF00169.35,8.1e-12,45.9,0.1,1.8e-11,44.8,0.1,GCA_021527745.1
KAH9140888.1,-,PH,PF00169.35,3.3e-7,31,0.1,6.2e-7,30.1,0.1,GCA_021527745.1
KAH9104229.1,-,PH,PF00169.35,8e-12,45.8,0.1,1.8e-11,44.8,0.1,GCA_021527785.1
KAH9136619.1,-,PH,PF00169.35,1.7e-5,25.5,0.1,3.2e-5,24.6,0.1,GCA_021527785.1
KAH9196011.1,-,PH,PF00169.35,7.4e-12,45.8,0.1,1.6e-11,44.8,0.1,GCA_021527805.1
KAH9189159.1,-,PH,PF00169.35,1.6e-5,25.5,0.1,3e-5,24.6,0.1,GCA_021527805.1
KAI9906447.1,-,PH,PF00169.35,4.8e-9,36.8,0.1,1.2e-8,35.5,0.1,GCA_026184515.1
KAI9911328.1,-,PH,PF00169.35,5.6e-5,23.7,0,1.1e-4,22.7,0,GCA_026184515.1
KAI9996106.1,-,PH,PF00169.35,9.9e-9,35.8,0.1,2.6e-8,34.5,0.1,GCA_026225685.1
KAI9986143.1,-,PH,PF00169.35,4.3e-4,20.9,0,8.4e-4,20,0,GCA_026225685.1
KAJ0405897.1,-,PH,PF00169.35,5.1e-12,45.7,0,1.2e-11,44.5,0,GCA_026401375.1
KAJ0410947.1,-,PH,PF00169.35,1.1e-10,41.4,0.2,4.1e-10,39.6,0,GCA_026401375.1
KAJ0410773.1,-,PH,PF00169.35,0.0028,17.6,0,0.0056,16.6,0,GCA_026401375.1
KAJ0402007.1,-,PH,PF00169.35,5e-12,45.7,0,1.2e-11,44.5,0,GCA_026401395.1
KAJ0406195.1,-,PH,PF00169.35,0.0028,17.6,0,0.0056,16.6,0,GCA_026401395.1
DBA00358.1,-,PH,PF00169.35,6.4e-10,39,0.1,1.6e-9,37.8,0.1,GCA_027925865.1
DAZ97831.1,-,PH,PF00169.35,1.4e-5,25.1,0.1,3.6e-5,23.8,0.1,GCA_027925865.1
DAZ94286.1,-,PH,PF00169.35,0.0016,18.5,0.1,0.0044,17.1,0.1,GCA_027925865.1
KAJ8559201.1,-,PH,PF00169.35,0.16,12.6,0,0.32,11.6,0,GCA_029747605.1
GMF34822.1,-,PH,PF00169.35,8.3e-4,19.9,0,0.0016,19,0,GCA_030267725.1
GMF51659.1,-,PH,PF00169.35,0.0012,20,0,0.0024,19.1,0,GCA_030267785.1
KAK1947678.1,-,PH,PF00169.35,1.6e-4,22,0,3.3e-4,21,0,GCA_031305395.1
KAL0583002.1,-,PH,PF00169.35,1.7e-11,43.5,0,3.5e-11,42.4,0,GCA_040437565.1
KAL0592249.1,-,PH,PF00169.35,9.7e-8,31.4,0.1,2.2e-7,30.3,0.1,GCA_040437565.1
KAL0592207.1,-,PH,PF00169.35,0.0071,15.7,0,0.015,14.7,0,GCA_040437565.1
KAL3657400.1,-,PH,PF00169.35,1.9e-4,21.9,0,3.7e-4,21,0,GCA_046127205.1
KAL4096372.1,-,PH,PF00169.35,6.3e-9,36.1,0.1,1.6e-8,34.7,0.1,GCA_046861845.1
KAL4085934.1,-,PH,PF00169.35,5e-4,20.3,0,9.7e-4,19.4,0,GCA_046861845.1
KAL4152614.1,-,PH,PF00169.35,6.7e-9,36,0.1,1.7e-8,34.7,0.1,GCA_046861995.1
KAL4146423.1,-,PH,PF00169.35,5.1e-4,20.3,0,0.001,19.4,0,GCA_046861995.1
KAL4125717.1,-,PH,PF00169.35,6.3e-9,36.1,0.1,1.6e-8,34.7,0.1,GCA_046862035.1
KAL4130567.1,-,PH,PF00169.35,4.9e-4,20.3,0,9.6e-4,19.4,0,GCA_046862035.1
CEG48725.1,-,PH,PF00169.35,4.5e-9,36.5,0.1,1.5e-8,34.9,0.1,GCA_900000015.1
CEG50311.1,-,PH,PF00169.35,3e-4,21.1,0,6.5e-4,20,0,GCA_900000015.1
VFT91526.1,-,PH,PF00169.35,9.7e-12,45.6,0.1,2.3e-11,44.4,0.1,GCA_900708865.1
VFT99179.1,-,PH,PF00169.35,8.6e-6,26.5,0,1.7e-5,25.5,0,GCA_900708865.1
CAH0522651.1,-,PH,PF00169.35,2.5e-8,33.5,0.1,6.8e-8,32.1,0.1,GCA_921012115.1
CAI5726857.1,-,PH,PF00169.35,4.4e-8,32.9,0.1,1.1e-7,31.5,0.1,GCA_947641895.1
CAI5738282.1,-,PH,PF00169.35,4.3e-8,32.9,0.1,1.1e-7,31.5,0.1,GCA_947646735.1
CAI5742609.1,-,PH,PF00169.35,2.9e-9,36.6,0.1,7.9e-9,35.2,0.1,GCA_947650285.1
CAI5722148.1,-,PH,PF00169.35,0.0035,17,0.1,0.0058,16.3,0.1,GCA_947650285.1
CAI5717438.1,-,PH,PF00169.35,2.5e-8,34,0.1,6.3e-8,32.7,0.1,GCA_947650345.1
CAI5732637.1,-,PH,PF00169.35,0.12,12.4,0,0.21,11.7,0,GCA_947650345.1
CAM9437044.1,-,PH,PF00169.35,2.8e-6,28.4,0,2.5e-5,25.3,0,GCA_964200195.2
CAM9358776.1,-,PH,PF00169.35,2.6e-4,21.5,0,7.3e-4,20.1,0,GCA_964200425.2
BFI04503.1,-,Pkinase_C,PF00433.29,3.8e-9,37.3,0.2,3.8e-9,37.3,0.2,GCA_037833805.1
BFI04502.1,-,Pkinase_C,PF00433.29,3.9e-9,37.3,0.2,3.9e-9,37.3,0.2,GCA_037833805.1
BFI05079.1,-,Pkinase_C,PF00433.29,3.4e-8,34.3,0,1.1e-7,32.6,0,GCA_037833805.1
BFI05078.1,-,Pkinase_C,PF00433.29,3.4e-8,34.3,0,1.1e-7,32.6,0,GCA_037833805.1
BFI12696.1,-,Pkinase_C,PF00433.29,8.8e-7,29.7,0.1,1.9e-6,28.7,0.1,GCA_037833805.1
BFI13119.1,-,Pkinase_C,PF00433.29,1.4e-6,29.1,0,2.8e-6,28.1,0,GCA_037833805.1
